NAME,ARTIST,VIEWS,LIKES,COMMENTS,REL. DATE,REPOSTS,GENRE TAG
Cool for the Summer - Demi Lovato (Pop Punk Cover by TeraBrite),TeraBrite,5786392,55.4K,613,2015,2813,CoolForTheSummer
Daniel Kim - Pop Danthology 2013,danielkimmusic,5113226,55.6K,1931,2014,10K,Mashup
Henrique e Juliano Part. Os Hawaianos - Mistura Louca,Pop Hits Sertanejo,6342462,47.2K,258,2013,2367,NIL
Henrique e Juliano - Ñ tooo valendo nadaooo (Part. João Neto e Frederico),Pop Hits Sertanejo,5850781,46.9K,223,2013,1805,NIL
Daniel Kim - Pop Danthology 2014,danielkimmusic,3559753,49.5K,860,2015,5773,Pop Danthology 2014
رامي صبري - سكت ليه,ehab.3laa.pop.,7258990,202K,666,2012,4025,NIL
Desan Da raja (Sohni Kuri) By Qurram Hussain (Q) & Komal Rizvi (Cornetto Pop Rock Season 1),Cornetto Pop Rock,3173310,64.4K,321,2016,2171,NIL
Pop Charts Mix 2016 Best Remixes Of Popular Songs 2015 - New Dance Hits Top 100 - EDM Party Music,OnepingOnlY,2688542,43.7K,907,2016,1994,Remix
Daniel Kim - Pop Danthology 2012 (Mashup),Dj Andreecito,3650779,41.3K,1030,2013,4425,Pop
DJ Got Us Falling In Love Again,"R&B,REGGAE,K-POP-MUSIC'S",2774860,39.1K,734,2012,893,NIL
